,precision,recall,f1-score,support
0,0.998,1.0,1.0,14942.2
1,0.1,0.004,0.008,62.8
2,0.0,0.0,0.998,15005.0
3,0.55,0.502,0.504,15005.0
4,0.9940000000000001,0.998,0.9960000000000001,15005.0
