,precision,recall,f1-score,support
0,0.998,1.0,1.0,12189.0
1,0.4,0.008,0.016,50.0
2,0.0,0.0,0.998,12239.0
3,0.7,0.504,0.508,12239.0
4,0.9940000000000001,0.998,0.9960000000000001,12239.0
