,precision,recall,f1-score,support
0,0.998,0.998,0.998,18235.6
1,0.382,0.324,0.322,89.4
2,0.0,0.0,0.994,18325.0
3,0.688,0.662,0.6580000000000001,18325.0
4,0.9940000000000001,0.994,0.992,18325.0
