,precision,recall,f1-score,support
0,1.0,0.944,0.97,14942.2
1,0.03,0.358,0.048,62.8
2,0.0,0.0,0.944,15005.0
3,0.514,0.6539999999999999,0.508,15005.0
4,0.9940000000000001,0.944,0.966,15005.0
