,precision,recall,f1-score,support
0,0.9933333333333333,1.0,0.9933333333333333,15375.333333333334
1,0.38999999999999996,0.2866666666666667,0.3233333333333333,133.66666666666666
2,0.0,0.0,0.9899999999999999,15509.0
3,0.6933333333333334,0.64,0.66,15509.0
4,0.9899999999999999,0.9899999999999999,0.9899999999999999,15509.0
