,precision,recall,f1-score,support
0,0.9933333333333333,0.9933333333333333,0.9966666666666667,19405.0
1,0.26,0.25666666666666665,0.25333333333333335,164.0
2,0.0,0.0,0.9866666666666667,19569.0
3,0.6233333333333334,0.6233333333333334,0.6266666666666666,19569.0
4,0.9866666666666667,0.9866666666666667,0.9866666666666667,19569.0
